slug,page_id,title
painting-path-painting,3uTr7cH1lHb0ZIi3lsU5dJ,Painting path brush strokes
filters-filter-twirl,6lUATYv9e0ewO0xovkaFRp,Twirl
filters-filter-bilateral-blur,4sO7tL3aiy6nzAwXNkVOQO,Bilateral Blur
filters-filter-displace,3FzQycsFJfqbSfmU2NUu3e,Displace
tools-tools-table,1HIzFFI3BKQEtor734GL2f,Table Tool
tools-tools-blemish-removal,2vZ9fIuy57jLzGfDFrZwMT,Blemish Removal Tool
filters-filter-pinch-punch,3OiBltmtLgqLUReY07cKAS,Pinch/Punch
get-started-document-units,5leoP27lKdcXnFs6U1q40N,Document units
workspace-field-input,1C1pzzTRSB1let7Dc1Ul9h,Field input
workspace-interface,32fTBHxlTU0EtRkZgVD3fF,Interface Visual Reference
workspace-toolbar,Z1nblFKm8kR08IKIqMbpi,Toolbar
workspace-tone-mapping-studio,2BG4vNCuBJoqoOK6HSSdOb,Tone Mapping Studio
get-started-import-adobe,3v2NeGD9EmragsBQtCgZKy,Importing other Adobe documents
tools-tools-blur-brush,5zAMazCWHqc1sMdyaGYXm3,Blur Brush Tool
get-started-new-from-clipboard,3fHyKhfTcQsDiK4aBPzkkf,New document from clipboard
tools-tools-colorize,2XQ75fUAM1cnOR3oVJWg9S,Colorize Tool
introduction-key-features-vectordesign,78T1doQcuG5v8KWGcnl7pn,Key features - vector design
get-started-import-pdf,7ttWkLyzCbEnI7zZqSdyNf,Importing PDF documents
tools-tools-super-resolution,6cpjPxrKXcMd84sp1ItLZH,Super Resolution Tool
sharing-export-to-canva,1yg3JzBvAMHIvb3sl25Q8j,Export to Canva
workspace-about-studios,4i6ytLzpDJ2tjuFhA4W9iU,About Studios
selections-edit-selection-as-layer,7ExejfAQR9hvH9pSKlYSCR,Edit selection as layer using Quick Mask
filters-filter-shadows-highlights,2Afs2CkJLVKlYsuIPYkNLX,Shadows / Highlights
object-control-select,3SXhwhFSVtkInenrN3LeCz,Selecting
workspace-customizing-shortcuts,66t5OWPUaL3hr4RL6QohWh,Customizing keyboard shortcuts
get-started-import-in-design,36yi7d1Zh2IPfHr0ouOf0h,Importing InDesign documents
tools-tools-median-brush,68LzJUgIf61TqbLneqDVjf,Median Brush Tool
workspace-customizing-tools-panel,5HiKInZpQ1jWqj9oYEESUv,Customizing tools
workspace-liquify-studio,3B1574lUzxzle4kg2go13p,Liquify Studio
workspace-pixel-studio,4WfcIGOXzAVFRlpEwXJhev,Pixel Studio
tools-tools-pan,3SMYRSUIdaQZpF2MuW6Tdx,View Tool
tools-tools-generative-fill,rWL9bRxdfBl3cDTjB4XXK,Generative Fill Tool
workspace-context-bar,af5k42FbXphbywcE7eURS,Context toolbar
object-control-object-defaults,1yFjtl1zl9a1VURV2uYO2k,Object defaults
media-picture-frames,3R7rQkd8hBqJlQW8YfigRW,Picture frames
canva-ai-canva-ai-create-normals-map,QgaBN5j2wUZ1yhYfQFNm5,Create Normals Map
filters-filter-add-noise,Bl55P3PMstWacD8rh620j,Add Noise
tools-tools-smudge-brush,18J2YmavPxWVXdaIQyI28q,Smudge Brush Tool
workspace-canva-aistudio,37A93CIhjA5lzohTQa2Typ,Canva AI Studio
tools-tools-flood-select,5hex8oJtRvr5frOArNDyUf,Flood Select Tool
filters-filter-motion-blur,3jfUoKx21RLcuxZmb7c6ci,Motion Blur
layer-fx-layer-fx-outline,6wJbRkpst4KtlO4GxvdXcu,Outline
filters-filter-lens-blur,2JDOHc8fXJF27Ywec1hDxi,Lens Blur
filters-filter-maximum-blur,2CvLTAzyKJn2HAe94HxcxP,Maximum Blur
tools-tools-generative-edit,1QJJs10zypfTtW0sqU7TMl,Generative Edit Tool
tools-tools-generative-expand,356imPum5yAqWa5JBPygxc,Generative Expand Tool
tools-tools-knife,5qaLYqgEDhUPIOzVPTPdZE,Knife Tool
filters-filter-high-pass,5XwDYSuzJEm38lpQXnPB15,High Pass
workspace-slice-studio,4diGaPATy04PhqmJgfuzzU,Slice Studio
workspace-appdoc-windows,3yaCXJh0uGDa2U0WkUDNVm,App and document windows (desktop only)
get-started-new-document,1FR3AtcyybaGxezBpHct2P,Creating new documents
workspace-layout-studio,1JJL7pCZl6p9J1CJObn8Yi,Layout Studio
tools-tools-dodge-brush,2kURu6AZjo7bhJ8F7fITLk,Dodge Brush Tool
workspace-customizing-toolbar,2RLTnKrxzyrDBPFTj1THs8,Customizing the Toolbar
workspace-ui-appearance,4nD5TpJdiwhT9xvnj6qAEa,Changing the UI appearance
filters-filter-defringe,2xxzUpW7qdyWyJM2G6yvuh,Defringe
workspace-develop-studio,3tDgNKUwDjcDpQYVnNKoqW,Develop Studio
tables-sort-tables,5noDAiHRrT5CiGLwV2VqkP,Sorting tables
filters-filter-diffuse,2PgEO0SZli1zXwmPdjl5Ny,Diffuse
layer-fx-layer-fx-outer-glow,3btozq3EBAAPrTYlhUz8n6,Outer Glow
filters-filter-radial-blur,4vfpjTggMiaYPhmRZfXDvi,Radial Blur
tools-tools-background-erase-brush,FhIerEioGDR2hsXzDx1QZ,Background Erase Brush Tool
filters-filter-ripple,21UvYDmKcs1lZS2JdQkLXW,Ripple
design-aids-snapping,3IzjC2mWzFabBpnIJ64TkY,Snapping
tables-create-custom-tables,7eNzX37KbCRXhf9fZRhNR1,Creating table formats
get-started-save,71k7mMt7vV8Qm43AXYz1pv,Saving
tools-tools-erase-brush,2Fy6N10uc4IxKuzEW7kCZJ,Erase Brush Tool
tools-tools-selection-brush,ML2eY2ljhfDPH1HkdZod8,Selection Brush Tool
tools-tools-clrpicker,49Qb3hza4OvU6bmuK4NyWc,Color Picker Tool
tools-tools-portrait-blur,4ex8gx1j8c4SvCBZwmITjq,Portrait Blur Tool
get-started-import-cad,3FYlrawRvVwcd9Szohp9pu,Importing CAD documents
get-started-drawing-scale,6gmj8BEnF0bbZejISxZt1t,Drawing scale
filters-filter-median-blur,7pib1FfUjdxAZZOTr8xNEv,Median Blur
tools-tools-select-sampled-depth,2924h5jc9H51dNk1KR0ytK,Select Sampled Depth Tool
layer-fx-layer-fx-outer-shadow,4YGtl4yPTLW0430LCoy5W,Outer Shadow
tools-tools-sponge-brush,2JU4gTJ4qJK6Im4l884ykS,Sponge Brush Tool
tools-tools-pixel,6NAjGYIY5FxicJNbgkmPLr,Pixel Tool
tools-tools-paint-mixer-brush,4ZZZnotM8bx42H1NedPN0B,Paint Mixer Brush Tool
get-started-open-document,7pUIlz53AUtBqGkw6ljAf5,Opening documents and images
tools-tools-adjustment-brush,32KBej6hDOfQUWeLYlNohJ,Adjustment Brush Tool
tools-tools-burn-brush,4aczvB7xNIigYTSDhD2o2H,Burn Brush Tool
filters-filter-gaussian-blur,52ufvO1YZ3YH43FBJ0gv5Q,Gaussian Blur
tools-tools-inpainting-brush,5RiRdAH6hBlECK8x1wEUd4,Inpainting Brush Tool
workspace-expressions,3oscUlwiaCdvpvW65C6UnK,Expressions for field input
filters-filter-halftone,2iONxYpIQL4qwOcXaD7auR,Halftone
object-control-object-grids,5Be7iNdeQngnr8gJYLL7hE,Quick Grids
filters-lighting-effects,4PUrvIH2pBBm8hs9AFj0n2,Lighting effects
filters-filter-field-blur,tOYb0r0kelLCEEdQvoVEO,Field Blur
filters-filter-voronoi,7Az1LS2S5VHujvkMgZBZrT,Voronoi
filters-filter-lens-distortion,1uQdXNhPH8VHUblWtRlKeQ,Lens Distortion
introduction-key-features-pagelayout,2QyL5xV59B7V7SweoQJgHQ,Key features - page layout
tools-tools-filter-brush,2BlNIHeMsfXGGeY4kzFSLd,Filter Brush Tool
filters-filter-minimum-blur,5klt5DPjn5cVhUogrMKQ5b,Minimum Blur
filters-filter-box-blur,6eVR2WXG9R53hAkX7eMKHY,Box Blur
tools-tools-portrait-lighting,1ZLnWwUHbBh8x2EpyUIwl8,Portrait Lighting Tool
introduction-about-affinity,3HZQ4CHWv3b7w0GGxOeEcg,About Affinity
filters-filter-mesh-warp,6D89JMA5ZOv5qE3bppJzX0,Live Mesh Warp
object-control-duplicate,4f8ulnjnXlKXW03gjSyQzy,Duplicating
tools-tools-sharpen-brush,7yCtSSQecYkqFR71UFKtyf,Sharpen Brush Tool
adjustments-tonal-adjustments,7zgcyEzjrkDxqx1MJ3GubZ,Tonal adjustments
filters-filter-proceduraltexture,47poCaeZidpdvvU0MDuZfr,Procedural Texture
workspace-customizing-studios,6CkpWYriHKew18iiSyS6x9,Customizing Studios
channels-channels-selecting-editing,6n25N2U15vcwzwcrICYt9b,Editing channels
layer-fx-layer-fx-inner-shadow,1wnFid04wSnzuoPikexwlq,Inner Shadow
tools-tools-bad-pixel-map,69aDqggWdVq20xlA0FMhtG,Bad Pixel Map Tool
tools-tools-paint-brush,5VbobVTghDTR8gYcqo3QHX,Paint Brush Tool
filters-filter-vignette,400gMuMM1TWf410eTVdtp5,Vignette
filters-filter-clarity,2xxNWZGe2650PseePjObHX,Clarity
layer-fx-layer-fx-gaussian-blur,6HwlOMz7TuLfLpZIsfvWhh,Gaussian Blur
tools-tools-frame-text,44aqlZhwT7qlZ6IRxi8Wmo,Frame Text Tool
get-started-open-raw,1150FhoNGDEmlE4qkmqO7Q,Opening a RAW image
canva-ai-canva-ai-generate-image,6ovBG4U7AQI3uQuTb2CFIo,Generate Image (Canva AI)
introduction-new-features,1LLpQPvFOHpv9foYuneRNT,New features for Affinity 2.x users
get-started-close,ob03Ez88TTMBh68GIc7Y1,Closing
design-aids-baseline-grids,46FNSxzru7zDZyjrA0wYhF,Baseline grids
get-started-templates,3SWsSh8rK71zSIBQ4rsVkI,Document templates
object-control-cutting,7v1IdcAPN2JzT6nmwiikmI,Cutting
introduction-key-features-photoedit,14zWBuflwp2rZpX6AKKURp,Key features - photo editing
adjustments-clr-adjustments,4aq7UABDEQDWVHrQZnfqAy,Color adjustments
canva-ai-canva-ai-create-depth-map,2OR1X5XVYR2DMigAmVmKmo,Create Depth Map
object-control-isolating,S1Bx3ak771HmoY0LUiiO9,Soloing
adjustments-other-adjustments,7d45clPhkznhEmboDXKUjX,Other adjustments
introduction-system-requirements,2pAmlhz9vofEmGfwA31lfF,Affinity system requirements
introduction-key-features-core,4WjcxZG91s1vYcs24Ucpoz,Fundamentals
object-control-rasterizing,iDHqcEAzw8ayRzZaDcnRo,Rasterizing
object-control-compound,4dYpzBsMZCZeZV6LcCHXal,Creating compounds
layer-fx-layer-fx-inner-glow,7Jwwx8zdNzhTnsJJBGC5W2,Inner Glow
tools-tools-art-text,2wnLNIHScHX9jgnK2ENA5X,Artistic Text Tool
adjustments-export-3d-lut,63KSb0KP9ZvK3PuPhRLwXa,Exporting custom adjustments as LUTs
object-control-join,27VqEdTttkqwE31XeA4V0N,Joining with Booleans
layer-fx-layer-fx-gradient-overlay,7oPetj6pfZm4WLcqzc5wGN,Gradient Overlay
filters-filter-unsharp-mask,6MQiJ5Mkn2DNNw6WBwxxDN,Unsharp Mask
tools-tools-flood-erase,euHSudCLlzoeRaQsDeQJC,Flood Erase Tool
tools-tools-red-eye,3M8sYkv9Za1BfQfGz6w0ce,Red Eye Removal Tool
filters-filter-diffuse-glow,4IpNOMoUN9tfPyTpgbHOcK,Diffuse Glow
design-aids-guides,5M8cw9bwU18QyxrmtDJZz7,Ruler and column guides
object-control-align,7LplBczihyQjQSoaq4om9d,Aligning
tools-tools-flood-fill,7LZAOluNW9m1wyG3pRT3fv,Flood Fill Tool
extras-sidecar,440U2RTZ6MFyojWyGY4rT2,Using Sidecar (Mac)
artboards-artboards-object-control,2V1uxneI7mKXhVqobW6Ojp,Moving artboard content
filters-tonal-filters,7wDgPC7Wb3hziG6DEWoUjA,Lighting/tonal filters
object-control-imagetrace,4B6gTFWW52vfeOwq8RTvq3,Image Trace
tools-tools-liquify,4PFx9yWfia4x7I4r9Wl9Lp,Liquify Tools
curves-shapes-expand-stroke,3dsPsTVh502snwWXFgYJRM,Expand stroke
raw-using-masks-develop-studio,3j3XqEqGG1P7965cfWhUWU,Using Masks (Develop Studio)
filters-astro-filters,vFVTvPftd0Js4Ie2SUpEM,Astrophotography filters
canva-ai-ml-super-resolve-document,2Xmgm9BmxeI9CTPH3IsQAo,Super-resolve Document
workspace-shortcuts,QeTAqWgBq5mZyxAamkirk,Keyboard shortcuts
painting-path-stroke-modify,1ahtjftJlTxFCSbt3FwdkK,Modifying path brush strokes
panels-path-brushes-panel,4FSfrUj3d6kuV1NsU9K2A2,Path Brushes panel
tools-tools-path-brush,6oLto0AlW3YP41782zuyks,Path Brush Tool
canva-ai-canva-ai-select-subject,6mt14jJgS0tKEANnt5I3FH,Select Subject (Canva AI)
canva-ai-canva-ai-remove-background,1hJuR7nGYCY7OFLNL1blt9,Remove Background (Canva AI)
canva-ai-canva-ai-affinity-ml,3HXnSPg048eI4an7lIdMdn,Canva AI and Affinity Machine Learning (ML)
tools-tools-freehand-selection-tool,5kWHZVgD8hFyJ1EsBOZkgt,Freehand Selection Tool
design-aids-zoom,5BLGH1iViP1gnSMxrYFhTz,Zooming
panels-notes-panel,6UMaPkMl6tItf9CVYnd9CT,Notes panel
tools-tools-transform-source-image,4NdGXwtQ22Z3YmaAplreNt,Transform Source Image Tool
tools-tools-measure,6kjG0X263tmkuNOjc01uaU,Measure Tool
tools-tools-liquify-push-left,4riy5lMgcaeDcZyhIcKBpB,Liquify Push Left Tool
tools-tools-move,2mrvwg9wkeGcO4BCeHmpY0,Move Tool
tools-tools-zoom,6fJDyKPw4dCXrsRm8PuLsE,Zoom Tool
tools-tools-liquify-reconstruct,1lTbCaRJbDW2eXwd3goCN6,Liquify Reconstruct Tool
tables-edit-tables,2AFGEPQsIKBdQf1RAKwi8y,Editing tables
panels-raw-panel-basic,5SKqW0OPvdbEoDNUjxNxfU,Basic panel (Develop Studio)
adjustments-adjustment-ocio,56sGbwXfWIZHBOZgaL2jG5,OpenColorIO adjustment
tools-tools-cat,7HpTH9htZEF0j1YVk5TvoI,Cat Tool
panels-epub-panel,7nMMNOEBn4i8XR5HdTHeMy,EPUB panel
tools-tools-picture-frame-rectangle,26TQSOBcxgpUnY3dujbnxb,Picture Frame Rectangle Tool
panels-liquify-panel-mask,5Yl4fgxBVNadgC8nELz4n5,Mask panel
panels-liquify-panel-brush,6btJe0LAzbSMhfRpwQeYvr,Brushes panel
panels-raw-panel-focus,2TOq6mjvXe2h5rAf1CoA32,Focus panel (Develop Studio)
tools-tools-liquify-twirl,1m03g9nLBrWgC8WH14cRRG,Liquify Twirl Tool
panels-data-merge-panel,0pFB1Nwt21x6x1FfKKKcM,Data Merge panel
tools-tools-clone-brush,1Wni1igyA5ry9jf7304AbN,Clone Brush Tool
panels-swatches-panel,1PANWlXoeG4BXqIjWCBKSr,Swatches panel
panels-glyph-panel,3cbedx0p1K8rf5V0Cl9nWU,Glyph Browser panel
tools-tools-liquify-freeze,4PbVsagBggDJ8bGsroyZ33,Liquify Freeze Tool
tools-tools-liquify-turbulence,2vNltWNnToKQ0uihulrNxL,Liquify Turbulence Tool
tools-tools-style-picker,Oec74ixJlmnQRmsAVfV0C,Style Picker Tool
panels-quick-adjustments-panel,4A1TBNI7Ef1ByyKtW8ArZq,Quick Adjustments panel
tools-tools-area,7g9wseTwjuUp0FpKF8NFxX,Area Tool
tools-tools-erase-from-source-image,3VBW0uywbXiZxwtEGCh86W,Erase From Source Image Mask Tool
panels-resource-manager-panel,2Ylvu51ckVcGQLh0CxKKSG,Resource Manager panel
panels-metadata-panel,5Ce6GzNJbmbkRbGkhxhiuo,Metadata panel
panels-raw-panel-details,2AMb1Sgtt46FtdUoc1iwCf,Details panel (Develop Studio)
tools-tools-liquify-thaw,7KJZFjSoaX8UxIRVXUokGZ,Liquify Thaw Tool
panels-text-styles-panel,3D6supeGzvnPs8J0NCNmK0,Text Styles panel
panels-batch-panel,7pr7GHddEweyY6buOooO25,Batch panel
object-control-linking,6TY0jB9YuHUbAjKlJPRr29,Linking
panels-adjustments-panel,WvVTB7W0KIekn9eDuAXDy,Adjustment panel
tools-tools-perspective,1D3wFJ0pPq4MRhx4O9lZCL,Perspective Tool
tools-tools-picture-frame-ellipse,5Kki7GxSxXec6xBIYjjhHN,Picture Frame Ellipse Tool
panels-font-manager-panel,3ceqU4Fxnloz78ImXgAprw,Font Manager panel
panels-links-panel,3QDCvaUPa4d8j53pHH1gUB,Links panel
panels-library-panel,1LzEIh2dfKKRjyXSPcbfsu,Library panel
tools-tools-artboard,IJfTpJNG5R5khUWynQBxF,Artboard Tool
design-aids-undo,60byY75QDx8BffZpxOgsuL,"Using undo, redo and history"
panels-raw-panel-tones,2FMg7pSUPry3kqzg4KvdEc,Tones panel (Develop Studio)
panels-astro-panel-files,6S1J3UEdJRkb7bR655tEth,Files panel (Astrophotography Stack Studio)
adjustments-adjustment-hsl,5famPHJXu4SJ4JAZTWpvVK,HSL adjustment
object-control-symbols,U7EZUXKBUx87772QQGboo,Symbols
tools-tools-undo-brush,EVa5RHIqj3hGxShidsZ2P,Undo Brush Tool
tools-tools-patch,vEwA0DhNlOj0jRV62HxMt,Patch Tool
panels-crossrefs-panel,taK4MnYp6ryoIp6qWsLBW,Cross-References panel
panels-pages-panel,8nDSn7ruX9cta43eh8bLk,Pages panel
panels-reading-order-panel,2nyZy5OM1D8sB1P6cRCfMu,Reading Order panel
panels-raw-panel-lens,2J2RYuIPkFMlPc9yNrgkrR,Lens panel (Develop Studio)
panels-history-panel,2mETpWDYltoTO6Uy3KNSjc,History panel
panels-hyperlinks-panel,5oY1qvzITlfoqAVuhw0oQY,Hyperlinks panel
panels-navigator-panel,3ULyrpKUaS7E1iJpe8WlRb,Navigator panel
panels-histogram-panel,MQwMzmsheg3hKRRBm9rWc,Histogram panel
panels-clr-panel,3u69QQbxmhgipIMUnyCPZG,Color panel
panels-stock-panel,3cSm9AoE6Yfn0CKGN0xgFY,Stock panel
panels-tools-panel,42XlijmHho6gfirO0MQ6qQ,Tools panel
design-aids-rulers,1ckWxjKPgyA7UiSnHZ7b5j,Rulers
panels-paragraph-panel,6H4uJrO9FcxoRh1N0eEW5e,Paragraph panel
layer-fx-create-layer-fx,1SlJLztfwUZUs5PegUh7PH,Applying layer effects
panels-typography-panel,5er8HpbREzGQNAHTsCzzEw,Typography panel
tools-tools-marquee-column,k4KXaESbM4cU6RWxZIj7V,Column Marquee Tool
tools-tools-marquee-elliptical,7J6FBkExU1AyUvCeb3PFPY,Elliptical Marquee Tool
panels-ask-ritson-panel,1VGG2bKcrjTgFsVYZKaLi1,Ask Ritson panel
panels-find-replace-panel,2URysfi9SAYKPVK2WTzD13,Find and Replace panel
astrophotography-astro-about,2olruLYpVtnrZcSNd8XyKO,About astrophotography stacking
tools-tools-liquify-push-forward,4mjzhhMDr95xTVJGPvjWPx,Liquify Push Forward Tool
design-aids-using-vectorscope,6shTilZOy8qh093JIpv559,Using Vectorscope (desktop only)
panels-scope-panel,17tBtRYuJsfO8HsEwr68r1,Scope panel
adjustments-adjustment-exposure,2CngutdqyARNOoYJ0XYfsU,Exposure adjustment
tools-tools-liquify-pinch,C3rROTyoMOZO9BWkAlylV,Liquify Pinch Tool
panels-layers-panel,5wDzgkCbQoiw4AUZ6vxgOs,Layers panel
object-control-rotate-shear,6YcaTrAa0l7TuKYS8n6yPT,Rotating and shearing
tools-tools-raster-crop,4QtlIsXFkm7XrJlZhmGtbp,Crop Tool
tools-tools-vector-flood-fill,5lISz3kZ1a1ajUV1xtW4rF,Vector Flood Fill Tool
panels-snapshots-panel,6dByhbiTnqilO0m9vATYQ9,Snapshots panel
media-stock-photos,4DcQKPzoDTYwUvbqQ8WPBI,Using stock photos
panels-toc-panel,3svp5Np42y7AObHfRItRIg,Table of Contents (ToC) panel
panels-export-options-panel,2r8lDGaTasp8KvAG4WmRtq,Export Options panel
tools-tools-marquee-row,32in2bFbF6ZyydZI9kZe5z,Row Marquee Tool
tables-create-tables,5dByFg9teBE0dNqkHRCLq7,Creating tables
tools-tools-marquee-rectangular,7vNH8yGVqCZg1YC335JomB,Rectangular Marquee Tool
tools-tools-shape-builder,4lpOX9ibC7tgIhSlUTMFiw,Shape Builder Tool
tools-tools-slice,6Z7yZqOltMTtRWQdhHp153,Slice Tool
advanced-hyperlinks,fP7vxNcLvlUz7nkJKt7H5,Hyperlinks
panels-place-panel,2GiCwOu6AvC3a3E6sPsrey,Place panel
object-control-styles,1XSdnlEkcvb1dun7pVltDA,Styles
panels-states-panel,2wWb0IklDrGhZMfO5kEyrH,States panel
object-control-layer-states,LFwNEIKbwNJpZJFU8C6k9,Layer states
panels-index-panel,7sxGRnxUR43jOUDmmwG3s1,Index panel
panels-transform-panel,64r2w3Vos8UqwiHVqGTynI,Transform panel
tools-tools-mesh-warp,6CUB9kXQlzrjOWGJ5S0eyw,Mesh Warp Tool
panels-appearance-panel,7i5pBbF9ABIPt96Xm0O1JD,Appearance panel
tools-tools-point-transform,4FtIPhM7kzuV72kMkRg3K3,Point Transform Tool
adjustments-adjustment-normals,4Zy6cl7jD0UkKn0h17eZNS,Normals adjustment
tools-tools-transparency,1lgJ92NkKOQcqmpQcZ0C7i,Transparency Tool
tools-tools-liquify-punch,6vTmwAdCtRvyIlAWkMA0eL,Liquify Punch Tool
adjustments-adjustment-black-and-white,2oIbD1qMggVMjBFTX0OQef,Black and White adjustment
panels-liquify-panel-mesh,3pnOP8BPb5YcAJVwIrhLpJ,Mesh panel
tools-tools-white-balance,6GrMRRux9lC8pAIDURJy3h,White Balance Tool (Develop Studio)
adjustments-adjustment-gradient-map,24Afs8yiMIgxfkOmY2Cle2,Gradient map adjustment
panels-preflight-panel,6yauggQRaKbjGV37617Gjf,Preflight panel
panels-text-wrapping-panel,2JvVKLMTmX5wWt6ZArJz4r,Text Wrapping panel
tools-tools-liquify-mesh-clone,2NKZ81qCrXUFgP42bqi7LB,Liquify Mesh Clone Tool
panels-brushes-panel,5hssnC9EHr0s12ImGRnLAO,Brushes panel
adjustments-adjustment-detail-refinement,4XZuJiIF9aGOMUgaxzRTQy,Detail Refinement
media-place-images,1S2FoAqNdu9mBScPNw5z0a,Placing content
panels-assets-panel,6EmeBP9FxQZyR9nvevX3kp,Assets panel
panels-raw-panel-snapshots,6dTX7LpKvvZATbO3yh1Bm6,Snapshots panel (Develop Studio)
media-place-images-autoflow,50kpDB3DEnyXQCH05hl9Jn,Autoflowing images and documents
panels-symbols-panel,1cw52B0FKpnPu7VSFGWfYq,Symbols panel
panels-sources-panel,2dlshxAQEhvhOooc3oS9t9,Sources panel
panels-table-formats-panel,1iFApqQxNP96Vira4D1iRn,Table Formats panel
tools-tools-gradient,7jazP70Rhv8ASN4kOiHDyr,Fill Tool
panels-fields-panel,1jysE9XimP550tRszoLifS,Fields panel
panels-layer-fx-panel,6AwTcdwpnvAfGuVuxlSUWc,Quick FX panel
panels-info-panel,7oxbjs0aPjZf3vOMGEAptU,Info panel
panels-text-frame-panel,6GDODNjbhjxl6AqOU6CCE0,Text Frame panel
tools-tools-add-to-source-image-mask,7w7f8Ra58ZyogU7hoUmg4R,Add To Source Image Mask Tool
object-control-warp,1nVKfjooWte7mqb58M01of,Warping
tools-tools-vector-crop,1JvLGzOiNcPYMWHYWiHc80,Vector Crop Tool
panels-slices-panel,6drFbBRnpn4ygUdgSVsPiX,Slices panel
panels-isometric-panel,7fiGrOmjFH5i7ysGo2onuP,Isometric panel
panels-quick-export-panel,6aTIKSHjVNzzFJhWiZcgte,Quick Export panel
panels-books-panel,2Od21U7P1mOXPjXSPchYfm,Books panel
panels-pinning-panel,79AiT7a2FYp2Z14BF9dh7y,Pinning panel
adjustments-adjustment-channel-mixer,5OUVUrVz23sBM7ZJP5th6u,Channel Mixer adjustment
panels-channels-panel,2vDgbaIqCPTQttaEyJKTFi,Channels panel
panels-anchors-panel,5GwaegigBi3M4MfWrrhMBT,Anchors panel
object-control-pinning,2goUmQdP9emQJhbxCKvz8A,Pinning
panels-export-persona-layers-panel,5dplfJoXKYSQCERHnjJtaL,Export Layers panel
panels-stroke-panel,7CwneixGPkMYs26brs4vkC,Stroke panel
adjustments-adjustment-selective-clr,6hc4bPAFMVyrFJxvmwY0o3,Selective Color adjustment
adjustments-adjustment-noise-reduction,2GxxryT1CHnU0VsG5jATK8,Noise Reduction
adjustments-adjustment-posterize,6nNK3q4Cq7q2sedo7pyPim,Posterize adjustment
adjustments-adjustment-lensfilter,56a9ih1wPyan1EkwmuEGJG,Lens Filter adjustment
panels-constraints-panel,38C1EJYYrXLUFm1EZnTZ3y,Constraints panel
design-aids-snapshot,3QmvipxxL9ENCdyv82MYg9,Snapshots
adjustments-adjustment-chromatic-aberration-reduction,DLiDIMIzpyCxUZJkyn2dy,Chromatic Aberration Reduction
tools-tools-healing-brush,8h8xVLOllJXbRXT70c1Zg,Healing Brush Tool
panels-macro-panel,36DlgpiVtcIRzlT4J4oI7G,Macro panel
tools-tools-placeimage,2Z8LN185wJDjuXow8iaQFA,Place Tool
panels-astro-panel-raw-options,20rrk8WI3DRjboo4oTYGAu,RAW Options panel (Astrophotography Stack Studio)
panels-tags-panel,563MYP65Yf2ohmEnu4p12T,Tags panel
astrophotography-astro-creating,2ZtrAlvhBGITINQNSybwRV,Creating an astrophotography stack
adjustments-adjustment-brightness-contrast,4Oomrk43DlLm8GuOaATmUD,Brightness / Contrast adjustment
adjustments-adjustment-applying,CsxGcM0dpJNIYvfpc4eB1,Applying adjustments
adjustments-adjustment-curves,oRXl8M3HQewYgFnC6k7Xp,Curves adjustment
adjustments-adjustment-lens-correction,4JHjpQzLwyJ0LDdCwKiL8a,Lens Correction
panels-character-panel,4OpjHizHxXqv7m2PcgnWbw,Character panel
panels-32bit-panel,5wTQuA7b0c7yIrPcjal4pq,32-bit Preview panel
panels-styles-panel,4EElm6O9af2DDkHcs0jUN1,Styles panel
adjustments-adjustment-split-toning,4oPyyLjNCmNEYgsdCK4Wvy,Split Toning adjustment
adjustments-adjustment-tone-compression,Pq6AIfbHVBVVrpSW8FeGe,Tone Compression
adjustments-adjustment-soft-proof,6ertt0iarokeFGJ1PfEise,Soft Proof adjustment
adjustments-adjustment-reclr,7emLBZY3MOGvJS3cGoGShm,Recolor adjustment
adjustments-adjustment-tone-stretch,2drGUttroE6PHRZuYHxoJJ,Tone Stretch
adjustments-adjustment-invert,RYpFBuwh5nxlgEf77YTLe,Invert adjustment
adjustments-adjustment-vibrance,1q2XPATXnyw1Sn4dY5UBJO,Vibrance adjustment
adjustments-adjustment-noise-addition,6kokFfFD4ULoALy8LY7Vv,Noise Addition
panels-table-panel,5Rj5Z2vDqMQ3J7CjbDfdZb,Table panel
design-aids-pan,4mQa9xze8CfGQeFtQyC8wf,Pan/Scroll the document view
design-aids-constraints,6UlYejOIc05sPR0BQLozjz,Constraints
adjustments-adjustment-threshold,Zao8SAJpJxzQqmpsTQ65H,Threshold adjustment
adjustments-adjustment-3d-lut,7eY5BMJYStkjYXDuo4XEKN,LUT adjustment
adjustments-adjustment-clr-balance,1k6cQoXfa2pHYky5wD5nuR,Color Balance adjustment
adjustments-adjustment-white-balance,3qPRP2jJVWgtDoCrSP5x45,White Balance adjustment
adjustments-adjustment-enhance,4cMsbU1ZOv29dbQPeEm0l4,Enhance adjustment
adjustments-adjustment-levels,2ThvmTaiczqq5CHKebymgf,Levels adjustment
design-aids-grids,44AvpwNNnsXZCR9HWllsk9,Grids
panels-astro-panel-stacking-options,5p9RYY00WiN04FYd7l6zup,Stacking Options panel (Astrophotography Stack Studio)
clr-palettes,2WaUIzP8ZyUp1EA1kLRLkj,Color palettes
clr-gradient-mesh,5rpXTDs1DMGZC1ABCqUbTj,Mesh gradients
clr-ocio,1zgQo5ltDikrdyI0UfLNLK,Using OpenColorIO
clr-gradient-editor,AuSrVrf3ONRTIAEzLZ9ew,Gradient fills
layers-layer-blend-ranges,2n6dPWQ59qbGkkAUKmY79J,Layer blend ranges
clr-clr-profiles,3FrWQnWrqqf7KgPSuAUtMR,Color management
clr-about-clr,3K2jPaQu64dkLd3UcMT39x,About color
clr-clr-models,4Mygcj3UotMScjjvKlaZQJ,Color models
clr-sampling-clr,o2M61fuuW5R5WblnWGDtM,Sampling colors
layers-create-layers,7kaVzBdc2OSc8ytlvEIRVp,Creating layers
clr-overprint,7sT7Wlqag34a6c0k40I4d8,Overprinting
layers-layer-blend-modes,5lNBRZRWLhPiXGJeXjTlOV,Layer blend modes
clr-bitmap-fills,6pyojhc4WwkZzkKZxjd6XJ,Bitmap fills
clr-selecting-clr,6zbzd40JL8CqANLTqakIff,Selecting colors
clr-transparency,3lm9KnnEGLOr7oYaJDK1pQ,Transparency
clr-spot-clr,7MUBxyk8tEwZHOGyA2i5jQ,Spot colors
clr-global-clr,60ZYqz0Dzy6tMONrX593Wo,Global colors
layers-adjustment-layers,4QhneuFoZ2qS5LDGQRI0IG,Adjustment layers
layers-tag-layers,1xFkUjnC27U57z8bPNVXFD,Tagging layers
clr-transparency-editor,3vralATaVaJXkMCtNnLF8O,Transparency editing
layers-vector-masks,1xjoyeLR5WAnLsQaIh42bL,Vector masking
layers-layer-opacity,3gKBf3SUEmW5KcDqRbNwp,Layer opacity
layers-layer-clip,412y6c23OzUNq8ModrUBct,Layer clipping
layers-layer-drop-zones,3Ou5ZXihVznxUw03MOnobI,Layer drop zones
layers-compound-masks,c5OsHa3Sp3biTXRKDymZo,Compound layer masks
layers-layer-pattern,3nW7Q3n4O8qsZ4A6RAusTX,Pattern layers
layers-layer-image,6fBph2CDy2PFCw4J0bhf9T,Image layers
macros-batch-batchjobs,2ozPg7ejfiM5N0SL6yaidj,Batch jobs
layers-layer-masks,43RgZtk1GQZwW67xKQjzkP,Layer masking
layers-livefilters,6iD7vBFvL959GApx6KzdLo,Live filter layers
macros-batch-macros,2rEaL4V8OmzpsxmliVy8Jl,Macros
layers-rename-layers,WNXNBQpTcldqg8j8MRxGd,Renaming layers
layers-layer-colours,2xORStpZAKOqkanaCB8ZNg,Layer colors
layers-layer-snapshot,6iPDQGNVfdIdaF2puQq9v1,Snapshot layers
layers-about-layers,7I0twuLX4F1JsGUSP2mqvg,About layers
layers-layer-fill,4bSFD3ApfxVIyArnZX6fD2,Fill layers
filters-filter-web-safe-dither,UrF00ujBrzXMV0qLO6AES,Web Safe Dither
text-tabs,1EotxUJ554VW2XQ7iheTKz,Tabs
text-fitting-frame-text,4wJyLfqAq4ucYV8L1EQuOu,Fitting text to frames
appendix-fileformat,7gFFpeVdRUQyP0g0qmtYzk,Supported file formats
painting-custom-raster-brushes,mx00iQqdExP6cW1jW72Td,Creating custom raster brushes
sharing-opening-packages,4tPSY5WNBWsRev6NRdI4ws,Opening packages
design-aids-view-modes,6br3Z4l4JwUV27GxoP7Zvk,View modes
size-transform-cropping,6J07eqm7XmeHpD165n9nAP,Cropping and straightening images
filters-filter-fft-denoise,5UyeVEVCI4Zsgax2g60jv0,FFT Denoise
design-aids-curve-snapping,EbaQu50dbqElP5fTh6KXb,Curve snapping
text-text-styles,1OhOYvAw2YyBFpXozYxLrl,Using text styles
painting-replace-clrs,19AJ2oJbdPjzaBxGrwb91f,Replacing colors by brush
sharing-create-svg,7Fs80BYgWkQHfrhuWH0VqW,Working with SVGs
pages-adding-sections,5LcwW1bXogUXmELINuUXN4,Adding sections
text-tracking-kerning,4PtoVtTYHqLSTpPy1uoDrR,Tracking and kerning
tools-tools-tear,1tNKOI7ISHJRwerDIfIwc2,Tear Tool
retouching-retouching-cloning-healing,7H6wm2ztzkRlf9khjqBtQS,Cloning and healing
retouching-retouching-patching,4AWmFOIXzcdENcPJqaUtJ7,Patching
selections-selections-sampled,63gVXrSYWZVGCkqlKuU3xx,Sampled color pixel selections
text-capitalisation,2l9uvdC6Prx0gbY3LVFzfe,Capitalization
filters-filter-bloom,20YwThKmrFW53awNNF4o57,Bloom
curves-shapes-about-geometric-shapes,1vFRPnbT42MzXBl8Sc01ZZ,About geometric shapes
text-spelling,5RmhW0zjCUDRres0DPjbK1,Spelling
text-text-general,Zdlh7W7Z4zqgkJEExzdGP,Working with text
filters-filter-rectangular-to-polar,63pIYVQQKq6hG12Dbdsjvn,Rectangular to Polar
selections-selections-transform,4GD948bC1vqDLrkJ50sY7y,Moving and transforming pixel selections
tools-tools-callout-rounded-rectangle,5IhJGYBybPddmpCzzQkDBt,Callout Rounded Rectangle Tool
selections-selections-select-subject,5EC0EalbFANE6yVfE70Oje,Subject selection (ML)
design-aids-measuring,5n1agdrGBywAfbJlxfi2z6,Measuring
advanced-pdf-bookmarks,cfWcMAqtHWGB4MIVXqFve,Bookmarks
filters-filters-applying,10xEwMhKo3kLVUn209PSUB,Applying filters
painting-symmetry-brushes,3cHkRui0jcuIgw1ytRfcBm,Symmetry and Mirror
retouching-retouching-inpainting,5pQ14xsmvv317V3q01IhX7,Inpainting
sharing-print,1358TslEvqXWaH2wqxq9W1,Print
clr-hatch-fills,3Y9VHeav0LYICL09UzsQVO,Hatch patterns
selections-selections-fromchannels,O9JVqxnRbg89iMj3kQZOX,Pixel selections from channels
channels-using-channels,3p9xeN0T94p13PHK5EKYKp,Using channels
focus-merging-focusmerging,1FK4PUAucGzBUfYWsQ6Lqj,Focus merging images
selections-selections-brush,KhiylIWCslloNBfBLXs0p,Painting pixel selections
stacking-stacks,7k2UFRUqo2FIPC1Qgnesvu,Image stacks
selections-selections-marquee,3yCw3qG2nockrjTAKWszN7,Marquee pixel selections
selections-selections-create,71dX6eI6sTE6NPAw4TAKPX,Creating pixel selections
layer-fx-layer-fx-3d,3CzoTqDeUAW0ik402AjpPa,3D Effect
filters-image-blending,PVxX5Au9geJOThVfTC6By,Apply Image
tools-tools-heart,6xMYbUf20mqWEX4rbfU85c,Heart Tool
text-optical-alignment,NivqeptUnIDT0PbJIX79Y,Optical alignment
filters-filter-haze,3k13T9FNrWMGG4Cqk1jma7,Haze Removal
filters-filter-solarize,4DiEBTNnWCgC3ojCUV4xzR,Solarize
pages-copy-duplicate-pages,6Xw57s8iCdfW7176YE4Wq8,Copy and duplicate pages
text-text-styles-types,7etRul4HR5epZxiFkqABrK,Text style types
object-control-select-by-attribute,2gJvafNifOCOlXSbLjVhUj,Selecting by attribute
filters-filter-polar-to-rectangular,5o6f4Mwzvk6qwdKKWt3awx,Polar to Rectangular
filters-filter-chromatic-aberration,3CXWr7b4i34Ic1i2Eskeq0,Chromatic Aberration
pages-arrange-pages,7IjlIIRFcbgEOVdOORNl82,Arrange pages
extras-surface-dial,9v2tCKVNN1quph1X3wprP,Using Surface Dial (Windows)
media-embedding-vs-linking,2FlC8MHYJpwCJERrttLKsP,Embedding vs linking
filters-filter-remove-background,5yxetNfAIA7m8vV9SiSjY2,Remove Background
hdr-hdr-tonemapping,6PRveElQ1FMgyowF7ixDxy,Tone mapping HDR images
text-paragraphs,RDXdsmBnb8Pk068bsalH6,Paragraph formatting
filters-distortion-filters,1eAXpv026uNJv9Kzxr53QD,Distortion filters
design-aids-pixel-align,67XYm2RR99QqwvozIbZdnN,Force Pixel Alignment
sharing-about-epub,2V7KIZhtZtmcXlZKqm4sYe,About EPUB
selections-selections-range,723yqgjQ0NHFD2xvRZFCr8,Range pixel selections
sharing-accessible-pdfs,7KDJHOXt9wu3oiTrFBQ74F,Accessible PDFs
filters-filter-detect-horizontal-edges,7tmp1pBPPdRxYX2g3ZLesj,Detect Horizontal Edges
filters-filter-remove-white-matte,4nJfCVdbfybdaQbpmPLV1x,Remove White Matte
live-masks-mask-live-hue-range,1bXBSVi22t339HdkdoWsuH,Live Hue Range Mask
tools-tools-square-star,1qzwzUpvZoP2Yehziy5RX4,Square Star Tool
text-import-text,01k67TnulU5arssw0S3hXv,Importing text
extras-benchmark,4WLZpRK8lqVdfwM3bNJRdI,Benchmark
hdr-openexr,6OaaBlWIchjUTSJZWbbXuY,32-bit OpenEXR support
curves-shapes-draw-pencil-lines,3JMyWO5SMI1wiZHMQtAHXz,Draw pencil lines
selections-selections-freehand,W9CeUdasuQylPpMrS8FVx,Drawing pixel selections
tools-tools-clr-replacement-brush,5mooFX0S4d39LQnzMdX6QH,Color Replacement Brush Tool
sharing-resaving-packages,2N0XVc4MhJw68kQSrY1T34,Resaving modified packages
filters-filter-zoom-blur,2ZYDnTT3qzKD2s9DAR3C4U,Zoom Blur
text-frame-setup,645VUHQpPpOxffQRhsVSQq,Text frame setup
stacking-stacks-creative,2oVgcd2LSatb5L1pWVJUGm,Creative effects using stacks
filters-filter-divide-by-alpha,1wGAN6jJgB5Y8fH9XdiQ3r,Divide by Alpha
size-transform-canvas-rotate-flip,NYfyuzeEyCdkW27CdD5b3,Rotate/flip the canvas
selections-save-load-selections,5CazKi1O6ggGHtUd4WuVOd,Saving and loading selections
text-decorations,3vZYDGS99I0TvfLTjkkdbc,Decorations
panorama-panorama-stitching,5u1vKhautKOEW742LdMUzP,Stitching panoramas
curves-shapes-edit-lines-and-shapes,7hLGdfiFhYWN4Z6zXncH3M,"Edit lines, curves and shapes"
curves-shapes-draw-lines-and-shapes,6ZASvkeHOwnlvYUd2abraM,"Draw lines, curves and shapes"
curves-shapes-multi-strokes-and-fills,5f64FGzJa5LgLHAbtqKrVi,Using multiple strokes and fills
filters-filter-liquify,6lgxlqAhuvPppbp64JCEEW,Liquify
stacking-stacks-noisereduction,3pv1XP5cczTsQueZTsghD,Noise reduction using stacks
object-control-converttocurves,55aDsNSS9EZR5hz2Y3FAU5,Converting to curves
sharing-preflight,7vqOC47Zmxt4a3TVwkVfc5,Preflight
filters-filter-multiply-by-alpha,6bpbXMXlXBmPxePKVZkwRy,Multiply by Alpha
media-scanning-images,5vvrHRNVbeeFCATef3PFLl,"Scanning images (Pixel Studio, Mac only)"
text-text-marks,7KDG3hoJDACORy5Fh2R0pf,Text marks
filters-filter-detect-edges,3LApVVxQqd3PHrjU5uB5dY,Detect Edges
pages-create-master-pages,2ERc2M9puEk8FOEVQgfaF6,Creating master pages
tools-tools-qr-code,YmiiL3SMUFCyHZmqVzJee,QR Code Tool
text-find-and-replace,6lb2hM1CqUVllkLl0p3t82,Find and replace
sharing-export-settings,5NSwMrGZMVYdjMnqSmeiA1,Export Settings
text-opentype-fonts,4gpQKulKudWq7mHG0DeOj2,OpenType font features
sharing-publish-pdffiles,4LIo1tfZIXsM4f7JPwS9NC,Publishing PDF files
design-aids-preview-mode,1IAYP2nvrNBBYluWP7MjG7,Preview mode
pages-ghost-pages,2CMUT0UfPn1FB6GhiImfT5,About ghost pages
sharing-fixed-layout-epub,51d6wyUzPplvkxoex6Ehbi,Fixed-Layout EPUB
sharing-export-slices,4zWsv2jmiMJHaZtT7eBGZq,Exporting slices
size-transform-cropping-objects-groups,3uhr80Poize4IIDQNhGbAQ,Cropping objects and groups
painting-pixel-painting,Cs7u3KMROUsjagyUKTFQB,Pixel-aligned painting
tools-tools-spiral,3YyUhSdPmHHXH9NGH8FGKs,Spiral Tool
filters-filter-portrait-lighting,3FpKllAHqF8bJ4qKr5wt19,Portrait Lighting
pages-detach-link-master-pages,4P5GXA8KBXwBbKl3bzU2x9,Detaching and linking master pages
tools-tools-triangle,4uSIWiVsfsWtiwqegZ7x6j,Triangle Tool
curves-shapes-draw-geometric-shapes,6oEYS52jnhoYeB7SeBZ21s,Draw and edit geometric shapes
tools-tools-trapezoid,4ddClzHsvsgF2ULcEDHmhd,Trapezoid Tool
curves-shapes-contouring-shapes,BkhB7pNiTT5KohmMeTnEj,"Contouring lines, curves and shapes"
stacking-stacks-objectremoval,4iFVAEzIpKWWWXSnrSxuPm,Object removal using stacks
selections-selections-sampled-depth,jF9gDPZWFR23JnkJsPFVj,Select Sampled Depth
size-transform-perspective,6yMQa8q8PZQ5FJfSx3YYkB,Perspective
object-control-locking,4zVgu5Uoyb8lADK1i5g3wP,Locking
assets-assets,5ZDIjq9gmsDDCHUliDuk2B,Using assets
curves-shapes-arrowheads,6UDOKP11jLCtQsmyJY8pVD,Arrowheads
sharing-about-packaging,4jEEfWLQ3ZnUYFMJKf7SNN,About packaging
filters-filter-monochrome-dither,1li48eYvYSMBbxqQrhHjV3,Monochrome Dither
painting-erasing,7Lwn1EL2PRaXr3QFAyduxv,Erasing
curves-shapes-dot-dash-lines,5Nfnc0GIsnp9q5VsGgroGF,Dot/dash line styles
tools-tools-corner,1h2B3HiKQcDfMIfd0iB1wx,Corner Tool
tools-tools-rectangle,6pwG8bb7cYkr8Wc7LEBjsW,Rectangle Tool
filters-filter-auto,20Qo0j6WBIaGi5GJJRZMnD,Auto Filters
filters-filter-shear,15oib1EOCT9VVgy11iPGNu,Shear
text-art-text,6ZKEcYVI2IAViGskpDR8fc,Artistic text
tools-tools-contour,76jKSCstvYaU1tXoatmI1n,Contour Tool
curves-shapes-fill-mode,4dQXqShLI97ykD0409BT88,Fill modes
tools-tools-ellipse,5iThTjNFPSme0yhqzxDfdF,Ellipse Tool
filters-filter-lens-correction,7qvYUZgq2XiSg8FG1zZXfQ,Lens Correction
channels-masking-channels,37Sg3iHmDuFyM2hJVVx45D,Masking from channels
pages-document-setup,7oP7QylqEsmn5CpUi7H49p,Document setup
tools-tools-doublestar,5gPyjPi6oRHG7Z17P6JoeM,Double Star Tool
pages-migrate-master-pages,yBKVCRwSFScXfHVI5PZuD,Migrating edited master page content
size-transform-canvas-size,4brOtE4f28OtPZxbTP6bN0,Changing canvas size
pages-about-pages,5fs8qzjkERov2ks7ez0smx,About pages and spreads
selections-selections-flood,7oJJwNu05Wp7lUdmV61KAK,Flooding pixel selections
sharing-export-dialog,3gKrql2GmFGIagdbktLe5l,Export dialog
channels-spare-channels,7D65WbG64wdQdWWbP3J9IP,Spare channels
appendix-copyrights,4bhWfAyCi490WTh9G3wVs7,Copyrights
filters-filter-equations,1F9cv9yIH9CniajukjgG0k,Equations
text-special-characters,l51Y3pxrcVwraFJ5L6mpL,Special characters and glyphs
liquify-persona-liquify,7DOixay1kQJucpYiCqe3ua,Warping using the Liquify Studio
tools-tools-dnut,4DSlfxTynlzIiONpsxCBgN,Donut Tool
tools-tools-diamond,6OequcUMAyPOuQV9vAqGf1,Diamond Tool
object-control-transform,6l0UU5jMuD7nSlz2tqKWye,Transforming
tools-tools-polygon,kFbr8Byd0zlUAIHX1VpKo,Polygon Tool
filters-clr-filters,1FHfIhuqGm9275QOKGHrfZ,Color filters
text-text-bullets-and-numbering,nNTufIiACxQ5i0U7SBmei,Bullets and numbering
hdr-hdr-editing,5UYovGZv0mw9cFiuqbtAQr,32-bit HDR editing
size-transform-pixelart,1wOURKQSikgx4D8ebCIZRh,Pixel art resizing
live-masks-mask-live-luminosity-range,159Uc12ArKJmf9SVbZb56y,Live Luminosity Range Mask
filters-filter-remove-black-matte,3Rq0ITUOEeygHbaDr98Vr6,Remove Black Matte
painting-raster-painting,1VlF5QWBxWx5nJsJW2BKiE,Painting raster brush strokes
text-document-stats,XEq62IxzbJEUleEVHGHqT,Document statistics
text-linking-text-frames,5p1Vph2qcROWPqbJ0nNBdz,Linking text frames
panorama-panorama-editing,29P9MVJdPBqmQPFVjQVLez,Editing panoramas
sharing-creating-packages,5Zk3sS2AJP8uqdoPAhMG5h,Creating packages
text-text-styles-remove,1Np3g7En2dokMesF2vPirm,Removing text styles
filters-filter-pixelate,17BUV1msu3E6DZbU6FCEXa,Pixelate
text-indents,2SRFmG4akL9X2jdPl846D3,Indents
painting-raster-multi-brushes,6yfUGUM4TKtefwU4VI0nzQ,Multi-brushes
raw-raw-lenscorrection,2NHH9f2Kw6kAgsg91PWQtD,Lens correction
focus-merging-focusmerge-sourcecloning,5fwWyAyc2Dn9of4oOD8714,Focus merge source cloning
extras-trackpads,7L5XWcZ3fBdHZx52xTRilZ,Using a trackpad (Mac only)
sharing-export,4ckxh1MZDT4JAMgeiiigQf,About exporting
filters-filter-detect-normals,6JJ2trGB1y3545ZpTiW40d,Normals
selections-selections-refine,4FXJau3OmoDQ0AF589pFnn,Refining pixel selection edges
live-masks-mask-live-band-pass,6eNFL0tR98j34K6P3C2L88,Live Band-pass Mask
addons-importing-addons,5X4En8REz86cZZeyCZN52h,Importing add-ons
appendix-glossary,12VYRSR9gixbzCNoq8VKzG,Glossary
filters-filter-colorize,6kIBQzC8AuaX4Z8dmy0Cx8,Colorize
tools-tools-pie,35JGZjraTT8Lqhgo5zFsGj,Pie Tool
extras-regex,HXtIG0FOnLMBGAcclowtW,Using regular expressions
curves-shapes-cornering-shapes,1AjccibvJTiowPXXr2jPWZ,Cornering shapes
filters-filter-glitch,4rmLb4EiGnr0RQb8OrSMlq,Glitch
filters-filter-detect-vertical-edges,72P7p8uyowK5MYlzn9ctkp,Detect Vertical Edges
tools-tools-arrow,1QnfV3jZA9EPperpSXaqmf,Arrow Tool
tools-tools-data-merge-node,4band9fAPazY30GJ9sqRe,Data Merge Layout Tool
text-text-editing,42V4mGybTfskPCqDdCRcNv,Editing text
curves-shapes-transform-lines-and-shapes,7E1nXDrxIrU5dMVCPLs25a,"Transforming lines, curves and shapes"
text-text-styles-create,4EZa7JriUmFpDSiCo4n53w,Creating and managing text styles
filters-filter-emboss,1Cjg7waljtAu6VJIun0xCp,Emboss
live-projection-equirectangular,5dxyuKriUct7wzNzm3f44I,Equirectangular projection
filters-filter-linear-fit,16keRVj3jOYgs83KgmIqgc,Linear Fit
advanced-updating-crossrefs,3NgHLt3rU9cUG16eoveCjT,Updating cross-references
tools-tools-rounded-rectangle,1vj8cIqaLMFmvkHEaAhkIP,Rounded Rectangle Tool
pages-master-pages,3ZbeeFmLTGQMYHfv3FYYOL,About master pages
filters-noise-filters,xmor8LYhuWRdF7ZjR0DsC,Noise filters
text-wrap-text,7qR58nvI9ptz6QKAi7W19i,Text wrapping
retouching-retouching-red-eye,2kEVvkygarKYpBNbb8jJP4,Removing Red Eye
selections-selections-fromshapes,4Gbr1paalLYIqokm1n01Mm,Pixel selections from shapes
filters-filter-custom-blur,4Z7TtjZKuyi6Cbi5zog7pM,Custom Blur
extras-pen-tablet,6XJIeZ7C21cp46e2h8FKCJ,Using pen tablets (Mac and Windows)
tools-tools-cog,2vbzIbQQQuhfalUhI4bFA4,Cog Tool
retouching-retouch,3ocAUKhuYgyP2I5d8DbyFE,Retouching
raw-raw,2deTxZ0s33sdurV5hxS5pW,Developing RAW images
size-transform-image-size,4pBKwnGtsIQrvUe8cALlei,Changing image size
filters-plugins,DaHGinjrbHGElxrDDwes2,Using Plugins
text-initial-words,3CvvzoZeCqpe70LvmU05s3,Initial words
filters-filter-average,1Z80BHWdSOwmCeOF57AJEA,Average
selections-selections-outline,38uNbAJ9SpkQbf0mqNBSaM,Creating outline selections
pages-multipage-spreads,4873l6JXXl7Fr8akt0SSN,Multiple-page spreads
text-shape-text,55mFVf5kxMsQrP7F0jMSst,Shape text
selections-selections-modify,4RD6e4QfhQ0i1CUj3xnxf7,Modifying pixel selections
sharing-flowing-epub,10tm01D8trvOQjf4mA9qS1,Reflowable EPUB
retouching-retouch-frequency-separation,5Jl4eC7kiSpHeYiroGeh2z,Frequency separation
filters-filter-super-resolve,3vbf3o19F04XcvVNk6th3x,Super Resolve
curves-shapes-select-align-nodes,7y3Cprpw6783iZlvy52KBi,Selecting and aligning nodes
media-resource-manager,6K8M7vOebWH3FFSvdYJyV,Managing document resources
liquify-persona-liquify-masking,62l6UNBsSXlg3Nk3BYkEKt,Masking in the Liquify Studio
text-leading-spacing,1EJPJRgl3f1kMB1vrhdyr3,Leading and inter-paragraph spacing
filters-filter-mirror,7nFSB54DqjYlxfcCZeVqao,Mirror
media-place-images-web,4Vh8AVbCJNK1AmLb934TCi,Placing images from the Web
text-flowing-text,6O7nEvqAur5jCm4FPq2Gn5,Flowing text through frames
design-aids-dynamic-guides,Gaq7zP4wljXAWMvJOSj9G,Smart guides
object-control-merge,3d2NE1NzHVO7seVD46ESYh,Merging and flattening
tools-tools-crescent,4rlTkJLDh4fW0HWsyKS6xV,Crescent Tool
filters-filter-perlin-noise,t9oSY9tFySsHgX8SJDRug,Perlin Noise
layer-fx-layer-fx-bevel-emboss,5FElfuwgyTfwrIbB4iUgVq,Bevel/Emboss
text-text-multi-level-lists,4l4YnUZDaF9Xlcc3MAhi4B,Using multi-level lists
filters-filter-deinterlace,6i2r3z6inTC1KVzDztHDIk,Deinterlace
design-aids-grids-isometric,4tdonqkcoHqnMTNekENztz,Isometric grids
curves-shapes-edit-pressure-profiles,2SfqmxhL6KOH5z4x2CQIft,Edit on-page pressure profiles
text-path-text,7mz4p9LC8lbWtf6CF2KfOH,Text on a path
sharing-quick-export,2zpUmxFjcHq7dyjnGZDljC,Quick Export
text-dropcaps,S8ZUPqQ7Nv500xD5321zJ,Drop caps
filters-filter-deform,gvsCwPoLIDrId2OMh4ehn,Deform
filters-filter-matte,3jgwa6Palveh0XiAbfjoDS,Matte
design-aids-construction-snapping,bSyz0jUhvHo9MsMEF6xDL,Construction snapping for curves
tools-tools-node,2iG9pX0zyclSCcfJWEDn6E,Node Tool
advanced-syncing-chapters,1Z7TsKA0RK4Hiye4q7vXoF,Synchronizing chapters
live-projection-perspective,57tzBB2dyRy4kVSk3MvVcL,Perspective projection
text-characters,6S5mYRme093blsCI61AlRN,Character formatting
tools-tools-pencil,7vTazWdNC0AtwcIbTGXW1H,Pencil Tool
artboards-artboards-about,1MLq1wjz8RX7JnqTk7vkic,About artboards
tools-tools-segment,5JgEGDVfmUhZooaRhBQ0mx,Segment Tool
text-variable-fonts,2vxjBBqzni7bcRi9en0hMD,Variable fonts
tools-tools-star,143ilYilcuzyMMnpWFJThi,Star Tool
hdr-hdr-merging,5dq6BWs0tEQR5ohlvtWVXd,Merging to 32-bit HDR
text-filler-text,5imXxelILlrS5XwvIYM1TF,Filler text
filters-filter-erase-white-paper,5JXU6H3ccSDiP6s20Vnf5z,Erase White Paper
extras-surface-pen,673udEjMhgb8FeoZBYlz9c,Using Surface Pen (Windows)
tools-tools-stroke-width,3X1aqFNxtB5xLpcQembERn,Stroke Width Tool
text-managing-fonts,DSOQsIPXWepmZH6cDOz1C,Managing fonts
text-hyphenation,1BKNUmnDYfhtD5Dl1OHxde,Hyphenation
stacking-stacks-exposuremerge,1YtjWKQzvhdt8LPHvSsuzz,Exposure merging using stacks
pages-edit-master-pages,1fKssCAUdnAcCEynglNxVl,Editing master pages
object-control-point-transform,4aYPOWTA9IJZMvwpmJVOnH,Transforming about points
filters-filter-affine,4QKr4rgsEDKSzHOD5MYcZA,Affine
text-auto-correct,4Kq3eSKwjMSuI4eEsqj8Hu,Auto-Correct and Check Spelling While Typing
pages-selecting-viewing-pages,4IhzYf8FZfVLtwvqnCiWYx,Select and view pages
design-aids-rotate-canvas,49zjeWnrLfPM0uRyCkERt1,Rotate document view
design-aids-clip-to-canvas,UvGUo2G341XHw2MJtRars,Clip to Canvas
painting-paint-mixing,7ckAaVWZ8U7Oi8gZBJwgqt,Mixing paint colors
advanced-index,4OHbt2OZs9jBZQZGDMSpgW,Creating an index
pages-numbering-pages,5qDQJFhEBK1O22HFiLazRw,Page headers and footers
filters-filter-removevignette,7g51zdYMjKzDrQAQ3wOUks,Remove Vignette
tools-tools-callout-ellipse,3uF7hjSdMtpdx1Xe73e8Om,Callout Ellipse Tool
advanced-toc,4RNrKlKQo5f6VFKE4dJqMK,Table of contents
tools-tools-cloud,6w1le8d70pwn5245JoSmvB,Cloud Tool
pages-add-delete-pages,2pTB1q67DLjnuxRELviRfS,Add and remove pages
tools-tools-pen,4wPNBkiGjI8wZdJ02Iyi0O,Pen Tool
media-linked-services,5DtM0RnPQ9eFU8fPPJ2kBn,Linked Services
advanced-about-crossrefs,27SNqzE8T9noQF5DkGCUDu,About cross-references
filters-filter-detect-depth,7vR2hEN6bs79zXWeuyQCE0,Depth
filters-sharpen-filters,3QASNniFzsZEcMRzvUE04n,Sharpen filters
pages-apply-master-pages,CkNOERjdqcpDb0QoZDuM3,Applying master pages
object-control-order,2eE9oP9pZFTnNTfFRLUrKu,Ordering
addons-exporting-addons,5HMS2xKodMQiYavvTIhqac,Exporting add-ons
sharing-bleed,6ojApEJGQqcrTDAJfnBexd,Setting bleed
live-masks-live-layer-masks,3EatTX4ZVL94AQab7kuFnM,Live layer masks
text-frame-text,pDaLRTbIobF5kBnaC2x6h,Frame text
filters-filter-portrait-blur,3SYT2ltlselZXHbnzhovNa,Portrait Blur
design-aids-using-histogram,0M4Ukc7zZPICUiZoMtGD8,Using a histogram
advanced-updating-numbers,4M2EuPp9ODGG6XDBXDBCAf,"Updating page, list and note numbers"
artboards-artboards-add-delete,5Hf8HaQwmNK4Pl3P9yYQlo,Adding and removing artboards
filters-edgedetection-filters,3TQLv6x0FF4yhhAh6tg8T4,Edge detection filters
pages-navigating-pages,6qsdWGONeYubOlR7uvvSR2,Navigating pages
advanced-index-formatting,1VbZZ0sY7wSOT0Wu8Y3bDp,Formatting an index
object-control-finding,5v96RuIvsNyiJJ9bCd5QXZ,Finding
object-control-target,1Yu2aULQPMTA9zL5BJ8pmR,Targeting
advanced-setting-crossrefs-text,6wdgjW9KlLrFPIIkWOSu3Y,Setting a cross-reference's text
object-control-group,VD9XB5vuTxQawuFRaAxvs,Grouping
advanced-creating-books,4K6sq2Zt5dTOPQPQixz66m,Creating books
advanced-styling-notes,5Cudm7CU6jkD8cQBHHknpj,Styling notes
design-aids-margins,1nCzWVPrp8X7UTxcuvM3hh,Margins
painting-raster-modify,3xjA6wZFsZ9ENimZ9Cw4j6,Modifying raster brushes
size-transform-mesh-warping,6RXLnMCuiF9hD2HpSaCRAq,Mesh warping
advanced-hyperlinking-notes,2gmA8PH27WykJvFt4ELEyT,Hyperlinking notes
retouching-retouching-blemishes,1vKLyGSQyHwIBwQLZqcqOn,Removing blemishes
filters-blur-filters,AgIUdHzUcg6Y4gmXO3W7v,Blur filters
design-aids-grids-axonometric,7gxp26aKcqqsNSCZfoQ2Gd,Advanced axonometric grids
advanced-formatting-crossrefs,70K2kD5NOwKWdMIyKQDuB3,Formatting cross-references
advanced-anchors,5zf4xJtKVkOdqQJB7GnnOn,Anchors
advanced-inserting-notes,8RozQa8oo51M9J7QMjO2Y,Inserting notes
advanced-setting-crossrefs-target,4vYHNTyoeClKxPlOtg6fS7,Setting a cross-reference's target
object-control-join-shape-builder,78yI32cGT88rR6h0knWoIv,Adding by shape building
advanced-fields,1ttuK9HWW75GdqDH9uREi1,Fields
workspace-vector-studio,mytHfzXgKMbHcF9pMXnZc,Vector Studio
artboards-artboards-align-distribute,oI2YXmSXer6Hn0xPScKJ7,Aligning and distributing artboards
curves-shapes-pressure,1oeXq8JA4UQmUXsfiAY2nM,Pressure sensitivity
artboards-artboards-export,4A5qSZ3sboHPOHqtwDGuWQ,Exporting artboards
object-control-flooding-areas,1RTDZmqSeb9NX3uiyL7bxR,Flooding areas
object-control-fade,lLyoJtP6N76Jo00fFQBeT,Fade
curves-shapes-about-lines-and-shapes,nqWH4SUDJaflw2PZEHqaa,"About lines, curves and shapes"
advanced-data-merge,WGN5IaG7YOxZK9MZZpCJj,Data merge
advanced-merge-document,3bHMKOxDAkdJp3by4h4M26,Merge documents
advanced-outputting-books,1PfeE0HPmwyMaCeGpYzwII,Outputting books
advanced-about-books,5HeEUtTcIXYLNjLjdzZ2cw,About books
advanced-about-notes,nwrkWE9iRL72rizvDNKJ3,About notes
object-control-distribute,4Od3rA0sMp8O4c2bFJtYGr,Distributing/spacing
object-control-copy-paste-options,64R5RbsNl6O4WprthweTn1,Copying and pasting
layer-fx-layer-fx-clr-overlay,3xDxOZEDKOeCDxrTgFcu8u,Color Overlay
